,COURSE TITLE
0,International Business
1,Liberal Arts
2,"First Year Art & Design (Common Entry,portfolio)"
3,Graphic Design and Moving Image Design (portfolio)
4,Textile & Surface Design and Jewellery & Objects (portfolio)
5,"Education & Design or Fine Art (Second Level Teaching,portfolio))"
6,Fine Art (portfolio)
7,Fashion Design (portfolio)
8,Product Design (portfolio)
9,Visual Culture
10,Illustration (portfolio)
11,Interaction Design (portfolio)
12,Software Design
13,Computer Engineering
14,Mechanical Engineering
15,Civil Engineering
16,Music and Instrument Technology
17,Pharmacy Technician
18,Dental Nursing
19,Applied Science
20,Business
21,Culinary Arts
22,Bar Supervision
23,Business (Sport and Recreation)
24,Computer Engineering with Network Infrastructure
25,Software Design with Artificial Intelligence for Cloud Computing
26,Software Design with Virtual Reality and Gaming
27,Computer Engineering
28,Software Design with Mobile Apps and Connected Devices
29,Mechanical Engineering
30,Mechanical Engineering and Renewable Energy
31,Automation and Robotics
32,Engineering (Common Entry to Mechanical/Renewable/Mechatronic Eng)
33,Music and Sound Engineering
34,Civil Engineering
35,Biotechnology
36,Veterinary Nursing
37,Pharmaceutical Sciences (Drug Development and Analysis)
38,Exercise and Health Science
39,Digital Marketing
40,Business
41,Hotel and Leisure Management
42,Graphic Design (portfolio)
43,Early Years Care and Education
44,Applied Social Studies in Social Care
45,Software Design with Virtual Reality and Gaming
46,Software Design with Artificial Intelligence for Cloud Computing
47,Software Design with Mobile Apps and Connected Devices
48,Computer Engineering with Network Infrastructure
49,Quantity Surveying
50,Civil Engineering
51,Mechanical and Polymer Engineering
52,General Nursing
53,Psychiatric Nursing
54,Nutrition and Health Science
55,Sports Science with Exercise Physiology
56,Biotechnology
57,Microbiology
58,Pharmaceutical Sciences
59,Athletic and Rehabilitation Therapy
60,Bioveterinary Science
61,Physical Activity and Health Science
62,Business
63,Business and Law
64,Accounting
65,Sport Management (with international placement)
66,Hospitality Management (with international placement)
67,Digital Marketing
68,Social Care Practice
69,Animation and Illustration (portfolio)
70,Graphic and Digital Design (portfolio)
71,Early Years Care and Education
72,Applied Psychology
73,"Education, Home Economics and Biology - with concurrent Teacher Ed"
74,"Education, Home Economics and Religious Ed - with concurrent Teacher Ed"
75,"Education, Home Economics and Irish - with concurrent Teacher Ed"
76,"Nutrition, Food and Business Management"
77,Home Economics
78,General Nursing
79,Intellectual Disability Nursing
80,Counselling Skills and Psychotherapy Studies
81,Counselling Skills and Addiction Studies
82,Counselling Skills and Youth Studies
83,Counselling and Psychotherapy
84,Counselling and Addiction Studies
85,Counselling and Youth Studies
86,Arts - 3 years
87,Social Science
88,Arts with Music - 3 or 4 years (BMus or Chinese/European/Int`l Pathway)
89,Film and Screen Media - 3 years or 4 years (International Pathway)
90,Geographical and Archaeological Sciences - 3 or 4 years (Int`l Pathway)
91,Arts International - 4 years
92,English - 3 years or 4 years (International Pathway)
93,World Languages
94,Early Years and Childhood Studies
95,Theatre and Performative Practices - 3 or 4 years (Int`l Pathway)
96,Criminology - 3 years or 4 years (International Pathway)
97,Social Science (Youth and Community Work) - 3 years
98,Social Work - Mature Applicants only
99,Digital Humanities and IT - 3 or 4 years (Work Exper. or Int`l Pathway)
100,Applied Psychology
101,Psychology and Computing - 3 or 4 years (Work Experience Pathway)
102,Government and Political Science
103,Anthropology
104,Education - Gaeilge
105,Sports Studies and Physical Education
106,Commerce
107,Accounting
108,Business Information Systems
109,Finance
110,Commerce (International) with French
111,Commerce (International) with German
112,Commerce (International) with Italian
113,Commerce (International) with Hispanic Studies
114,Commerce (International) with Irish
115,Commerce (International) with Chinese Studies
116,Economics (through Transformational Learning) 3 or 4 years Int`l Pathway
117,Food Marketing and Entrepreneurship
118,International Development
119,Law (Pathways) -  3 or 4 years
120,Law and French
121,Law and Irish
122,Law and Business
123,Computer Science
124,Biological and Chemical Sciences
125,"Biological, Earth and Environmental Sciences"
126,Genetics
127,Chemical Sciences
128,Mathematical Sciences
129,Physics and Astrophysics
130,Industrial Physics - Offered jointly by UCC and CIT
131,Data Science and Analytics
132,Agricultural Science
133,Nutritional Sciences
134,Food Science
135,Engineering
136,Architecture - Offered jointly by UCC and CIT
137,Medicine (Undergraduate Entry - HPAT required)
138,Dentistry
139,Pharmacy
140,Occupational Therapy
141,Speech and Language Therapy
142,Public Health Sciences
143,Medical and Health Sciences
144,General Nursing
145,Children`s and General Nursing (Integrated)
146,Mental Health Nursing
147,Intellectual Disability Nursing
148,Midwifery
149,Medicine  - Graduate Entry (GAMSAT required)
150,Education - Primary Teaching
151,Education - Primary Teaching - Gaeltacht Applicants
152,Oideachas - Bunmhúinteoireacht Trí Mheán na Gaeilge – Gaeltacht
153,Oideachas - Bunmhúinteoireacht Trí Mheán na Gaeilge – Gaeltacht
154,Education Studies
155,Early Childhood Education
156,Applied Physics and Instrumentation
157,Applied Biosciences
158,Analytical and Pharmaceutical Chemistry
159,Agriculture (Year 1 - 2 days in Clonakilty Agri College & 3 days in CIT)
160,Software Development
161,Business (Common Entry)
162,Business Administration
163,Social Care Work
164,Recreation and Leisure Management
165,Community Development
166,Tourism Management
167,Hospitality Management
168,Automotive Technology and Management
169,Civil Engineering
170,Construction
171,Interior Architecture
172,Environmental Engineering
173,Electronic Engineering
174,Electrical Engineering
175,Mechanical Engineering
176,Biomedical Engineering
177,Architectural Technology
178,Nautical Science at National Maritime College of Ireland
179,Marine Engineering at National Maritime College of Ireland
180,Chemical and Biopharmaceutical Engineering
181,Software Development
182,Mechanical Engineering
183,Structural Engineering
184,Automotive Business Management and Technology
185,Creative Digital Media
186,Computer Systems
187,Music at CIT Cork School of Music
188,Popular Music: Electric Bass Guitar at CIT Cork School of Music
189,Popular Music: Drums at CIT Cork School of Music
190,Popular Music: Electric Guitar at CIT Cork School of Music
191,Popular Music: Keyboards at CIT Cork School of Music
192,Popular Music: Voice at CIT Cork School of Music
193,Musical Theatre at CIT Cork School of Music
194,Business Information Systems
195,"Contemporary Applied Art (Ceramics, Glass, Textiles) at CIT Crawford"
196,Fine Art at CIT Crawford College of Art and Design
197,Photography with New Media
198,Physical Sciences (Common Entry)
199,Physical Sciences (Common Entry)
200,IT Management
201,Biomedical Science - Offered jointly by CIT and UCC
202,Pharmaceutical Biotechnology
203,Nutrition and Health Science
204,Biological Sciences (Common Entry)
205,Analytical Chemistry with Quality Assurance
206,Instrument Engineering
207,Environmental Science and Sustainable Technology
208,Agri-Biosciences
209,Accounting
210,Marketing
211,International Business with Language
212,Sport and Exercise Management
213,Montessori Education
214,Engineering (Common Entry)
215,Sustainable Energy Engineering
216,Biomedical Engineering
217,Architectural Technology
218,Interior Architecture
219,Quantity Surveying
220,Construction Management
221,Electrical Engineering
222,Electronic Engineering
223,Visual Communications
224,Early Childhood Education and Care
225,Culinary Arts
226,Beverage Industry Management
227,Culinary Studies
228,Hospitality Studies
229,Tourism Management
230,Theatre and Drama Studies at CIT Cork School of Music
231,Marine Electrotechnology at National Maritime College of Ireland
232,Information Technology
233,Computing in Information Technology
234,Information Technology
235,Information Technology
236,Business
237,Business
238,Business (options)
239,Sustainable Farm Management and Agribusiness
240,Early Childhood Education and Care
241,Business (options)
242,Art (portfolio)
243,Visual Communications and Design
244,Art (portfolio)
245,Tourism and Event Management
246,Applied Social Studies in Professional Social Care
247,Tourism and Event Management
248,Sustainable Farm Management and Agribusiness
249,Visual Communications and Design
250,Physiology and Health Science
251,Analytical Science
252,Science (options)
253,Pharmacy Technician Studies
254,Biosciences
255,Science - Applied Biology or Applied Chemistry
256,Brewing and Distilling
257,Sport and Exercise Science
258,Strength and Conditioning
259,Sport Rehabilitation and Athletic Therapy
260,Computing - Applications or Programming
261,Software Development
262,Computer Games Development
263,Information Technology Management
264,Cybercrime and IT Security
265,Computing in Interactive Digital Art and Design
266,Software Development
267,Information Technology Management
268,Cybercrime and IT Security
269,Computing in Interactive Digital Art and Design
270,Architectural Technology
271,Construction Management with Building Services
272,Civil Engineering
273,Construction (options)
274,Architectural Technology
275,Civil Engineering
276,Aircraft Systems
277,Mechanical Engineering
278,Electronic Engineering
279,TV and Media Production
280,Mechanical Engineering
281,Electronic Systems
282,Aerospace Engineering
283,TV and Media Production
284,Legal Studies
285,Industrial Design
286,Law - LLB
287,Professional Social Care Practice
288,Product Design Innovation
289,Early Childhood Education and Care
290,Professional Social Care Practice
291,Sport Coaching and Business Management - GAA (portfolio)
292,Media and Public Relations
293,Sport Coaching and Business Management - Rugby (portfolio)
294,Sport Coaching and Business Management - Soccer (portfolio)
295,Digital Marketing with Analytics
296,Digital Marketing with Analytics
297,"Sports Management and Coaching (options, portfolio)"
298,Business
299,Business (options)
300,Business (options)
301,Business with Law
302,Accounting
303,Business with Law
304,Accounting
305,Computing
306,Computing (Cloud Computing)
307,Computing (Data Analytics and Big Data)
308,Computing (Software Development)
309,Computing (Web and Mobile Technology)
310,Audio Production and Music Project Management
311,Business Studies
312,Business Studies (Law)
313,Business Studies (Human Resource Management)
314,Financial Services
315,Marketing (Event Management)
316,Accounting and Finance
317,Business (Information Systems)
318,Business (Cloud Computing)
319,Applied Social Care
320,Applied Social Care
321,Marketing
322,Sound Engineering and Music Production
323,Psychology
324,Arts
325,Social Science
326,Film and Creative Media
327,Law
328,Business (Psychology)
329,Business Studies
330,Business in Accounting
331,Business in Marketing
332,Business in Information Technology
333,Film and Creative Media
334,Education - Early Childhood Education
335,Education - Primary Teaching
336,Education - Primary Teaching - Gaeltacht Applicants
337,Education - Primary Teaching (Church of Ireland Centre formerly CICE)
338,Arts (Joint Honours) - Humanities
339,Post Primary Teacher Education - Religious Education and English
340,Post Primary Teacher Education - Religious Education and History
341,Post Primary Teacher Education - Religious Education and Music
342,Post Primary Teacher Ed - Gaeilge with French/German/Spanish
343,BA in Jazz and Contemporary Music Performance (audition)
344,Business Studies International
345,Business Studies
346,Global Business (France)
347,Global Business (Germany)
348,Global Business (Spain)
349,Accounting and Finance
350,Global Business (USA)
351,Aviation Management / Aviation Management with Pilot Studies
352,Gnó agus Gaeilge / Business and Irish
353,Global Business (Canada)
354,Enterprise Computing
355,Computer Applications
356,Data Science
357,Actuarial Mathematics
358,Common Entry into Actuarial and Financial Mathematics
359,Communication Studies
360,Journalism
361,Multimedia
362,Applied Language and Translation Studies
363,Analytical Science
364,Chemical and Pharmaceutical Sciences
365,Environmental Science and Technology
366,Genetics and Cell Biology
367,Physics General Entry (options)
368,Biotechnology
369,Electronic and Computer Engineering (with choice of four majors)
370,Mechatronic Engineering
371,Mechanical and Manufacturing Engineering
372,Biomedical Engineering
373,Common Entry into Engineering (Undenominated Entry)
374,Common Entry into Science (Undenominated Entry)
375,Sport Science and Health
376,Science Education
377,Athletic Therapy and Training
378,Physical Education with Biology
379,Physical Education with Mathematics
380,Psychology
381,Health and Society
382,General Nursing
383,Mental Health Nursing
384,Intellectual Disability Nursing
385,Children`s and General Nursing (Integrated)
386,"Economics, Politics and Law"
387,International Relations
388,Law and Society (BCL)
389,Education and Training - Daytime and Flexible Delivery Mode (full-time)
390,Social Sciences and Cultural Innovation
391,"Gaeilge, Iriseoireacht agus na Meáin Dhigiteacha"
392,"Marketing, Innovation and Technology"
393,Arts (Joint Honours) - Media Studies
394,Arts (Joint Honours) - Law
395,Arts (Joint Honours) - International Languages
396,Arts (Joint Honours) - Politics
397,Business and Management
398,Business and Technology
399,Digital Marketing and Public Relations
400,Computing
401,Augmented and Virtual Reality
402,Building Surveying
403,Architectural Technology
404,Construction Management
405,Engineering - Electrical and Electronic Systems
406,Engineering - Mechanical Engineering
407,Engineering - Civil Engineering
408,Hospitality Management
409,Event Management
410,Culinary Arts
411,"Sport, Exercise and Enterprise"
412,Community Youth Work (interview)
413,Audio and Music Production
414,Creative Media
415,Theatre & Film Practice
416,Musical Theatre (audition)
417,Science - Bioscience
418,Science - Pharmaceutical Science
419,Veterinary Nursing
420,Accounting and Finance
421,Business Studies
422,Computing in Games Development
423,Computing in Software Development
424,Augmented and Virtual Reality
425,Building Surveying
426,Architectural Technology
427,Construction Management
428,Engineering (Common Entry)
429,Mechanical Engineering
430,Electrical & Electronic Engineering
431,Civil Engineering
432,International Tourism Management
433,Music (audition)
434,Arts
435,Social Care
436,Creative Media
437,Film and Television Production
438,Audio and Music Production
439,General Nursing
440,Intellectual Disability Nursing
441,Mental Health Nursing
442,Early Childhood Studies
443,Midwifery
444,Health and Physical Activity
445,Agriculture (Award options)
446,Science (Award options)
447,Sustainable Agriculture
448,Agri-Food Production
449,Biopharmaceutical Science
450,Environmental Science
451,Business - Applied Entrepreneurship
452,"English, Media and Cultural Studies"
453,Arts Management
454,Business Management
455,Applied Psychology
456,Visual Communication Design
457,Art
458,"3D Design, Modelmaking and Digital Art"
459,Design for Stage and Screen (Costume Design)
460,Design for Stage and Screen (Character Makeup Design)
461,Design for Stage and Screen (Production Design)
462,Animation
463,Photography
464,Film and Television Production
465,Creative Computing
466,New Media Studies
467,Creative Music Production
468,Interaction and User Experience Design
469,Digital Marketing
470,English and Equality Studies
471,Architecture
472,Landscape Architecture
473,City Planning and Environmental Policy
474,Engineering (Common Entry)
475,Science (options)
476,Computer Science (Common Entry)
477,Actuarial and Financial Studies
478,Sustainability
479,Agricultural Science (options)
480,Dairy Business
481,Agri - Environmental Sciences
482,Food Science
483,Human Nutrition
484,Forestry
485,"Horticulture, Landscape and Sportsturf Management"
486,Veterinary Medicine - Undergraduate Entry
487,Veterinary Medicine - Graduate Entry (GAMSAT required)
488,Veterinary Nursing
489,Medicine - Undergraduate Entry (HPAT required)
490,Medicine - Graduate Entry (GAMSAT required)
491,Radiography
492,Radiography - Graduate Entry
493,Physiotherapy
494,Health and Performance Science
495,Sport and Exercise Management
496,"Biomedical, Health and Life Sciences"
497,General Nursing
498,Children`s and General Nursing (Integrated)
499,Midwifery
500,Mental Health Nursing
501,Joint Honours (options)
502,Humanities (options)
503,Modern Languages (options)
504,Law (options)
505,Business and Law
506,Commerce
507,Commerce International (options)
508,Economics and Finance
509,Social Sciences (options)
510,Economics
511,Psychology
512,Social Policy and Sociology
513,Computing and Multimedia (Level 6 - Higher Certificate)
514,Computing and Multimedia (Level 6 - Certificate)
515,Business
516,Computing and Multimedia (Level 7)
517,Business
518,Business
519,Business Information Systems
520,Rural Enterprise and Agri-Business
521,Marketing and Sales
522,Finance
523,Business with Entrepreneurship
524,Accounting
525,Business
526,Business Information Systems
527,Marketing and Sales
528,Finance and Economics
529,Business with Entrepreneurship
530,Rural Enterprise and Agri-Business
531,Heritage Studies
532,Contemporary Art
533,Design
534,Film and Documentary
535,Heritage Studies
536,Contemporary Art
537,Design
538,"Education (Art, Design and Graphics)"
539,Business in Tourism
540,Culinary Arts
541,Hotel and Hospitality Operations
542,Heritage Studies
543,Hotel and Catering Management
544,Event Management with Public Relations
545,International Tourism Management
546,Culinary and Gastronomic Science
547,International Hotel Management
548,International Tourism Management
549,Culinary and Gastronomic Science
550,Event Management with Public Relations
551,Construction Management
552,Quantity Surveying and Construction Economics
553,Architectural Technology
554,Civil Engineering
555,Construction Management
556,Quantity Surveying and Construction Economics
557,Architectural Technology
558,Civil Engineering
559,Software and Electronic Engineering
560,Software and Electronic Engineering
561,Mechanical Engineering
562,Energy Engineering
563,Biomedical Engineering
564,Agricultural Engineering
565,Engineering (Common Entry to Manu/Agri/Biomed/Energy/Mech Eng)
566,Manufacturing Engineering Design
567,Mechanical Engineering
568,Energy Engineering
569,Biomedical Engineering
570,Agricultural Engineering
571,Engineering (Common entry to Agri/Biomed/Energy/Mech Eng)
572,Manufacturing Engineering Design
573,Applied Freshwater and Marine Biology
574,Applied Biology and Biopharmaceutical Science
575,Chemical and Pharmaceutical Science
576,Physics and Instrumentation
577,Science (Undenominated)
578,Computing in Software Development
579,Computing and Digital Media
580,Agriculture and Environmental Management
581,Applied Freshwater and Marine Biology
582,Applied Biology and Biopharmaceutical Science
583,Chemical and Pharmaceutical Science
584,Physics and Instrumentation
585,Science (Undenominated)
586,Medical Science
587,Forensic Science and Analysis
588,Computing in Software Development
589,Computing and Digital Media
590,Agriculture and Environmental Management
591,Sport and Exercise Science
592,Public Health Nutrition
593,History & Geography
594,Early Childhood Education and Care
595,Outdoor Education and Leisure
596,Early Childhood Education and Care
597,Culture and Environment
598,Applied Social Care
599,General Nursing
600,Psychiatric Nursing
601,Outdoor Education
602,History and Geography
603,Applied Social Care
604,Early Childhood Education and Care
605,Geography and Outdoor Education
606,"Furniture Design, Making and Technology - Common Entry"
607,Education (Design Graphics and Construction)
608,"Furniture Design, Making and Technology - Common Entry"
609,Business
610,Business Studies
611,Accounting and Finance
612,Computing Science
613,Communications and Media Production
614,Business Studies
615,Accounting & Finance
616,Business Studies - HRM
617,International Hospitality Management
618,International Hospitality Management
619,Computing
620,Business Studies
621,Accounting and Finance
622,Business Studies (HRM)
623,Law
624,Business Studies (Marketing)
625,Marketing
626,Business
627,Computing Science
628,Computing
629,Communications and Media Production
630,Music Production for Games (portfolio)
631,Design Communication (portfolio)
632,Communications
633,Film and TV Production
634,Photographic Media
635,Photography
636,Interior Architecture (portfolio)
637,Interior Design
638,Fashion Design (portfolio)
639,Fashion
640,Arts (Joint-Honours)
641,Arts (Psychology)
642,Arts (History)
643,Na Dána (Gaeilge agus Léann an Aistriúcháin)
644,Arts (Mathematics and Education)
645,Arts with Children`s Studies
646,Arts with Creative Writing
647,Arts with Film Studies
648,Arts with Human Rights
649,Arts with Performing Arts Studies
650,"Arts (Drama, Theatre and Performance Studies)"
651,Arts (Journalism)
652,"Arts (Child, Youth and Family: Policy and Practice)"
653,Arts (Children`s Studies)
654,Na Dána (Cumarsáid agus Gaeilge)
655,Applied Social Sciences
656,Arts (Arts with Data Science)
657,Arts (Digital Arts and Technology)
658,Arts (English and Media Studies)
659,Arts (Film and Digital Media)
660,Arts (Global Languages)
661,Arts (International)
662,Arts (Music)
663,Arts (History and Globalisation Studies)
664,"Government (Politics, Economics and Law)"
665,Education (Computer Science and Mathematical Studies)
666,Geography and Geosystems
667,Commerce
668,Commerce (International) with French
669,Commerce (International) with German
670,Commerce (International) with Spanish
671,Business Information Systems (Work Placement & Optional Int`l Study)
672,Commerce (Accounting) including optional Global Experience year
673,Commerce (Gaeilge)
674,Commerce (Global Experience)
675,Law and Business
676,Law (BCL)
677,Law (BCL) and Human Rights
678,Law and Taxation
679,"Law (BCL), Criminology and Criminal Justice"
680,"Business Studies (International Hotel Management, interview)"
681,"Commerce (International Hotel Management, interview)"
682,Science
683,Biomedical Science
684,Biotechnology
685,Environmental Science
686,Financial Mathematics and Economics
687,Marine Science
688,Environmental Health and Safety
689,Earth and Ocean Sciences
690,Biopharmaceutical Chemistry
691,Mathematical Science
692,"Physics (Degree options: Applied,Astrophysics,Biomedical,Theoretical)"
693,Genetics and Genomics
694,Computer Science and Information Technology
695,Engineering (Undenominated)
696,Civil Engineering
697,Mechanical Engineering
698,Electronic and Computer Engineering
699,Biomedical Engineering
700,Project and Construction Management
701,Energy Systems Engineering
702,Electrical and Electronic Engineering
703,"Medicine (five year/six year course, HPAT required)"
704,Occupational Therapy
705,Speech and Language Therapy
706,Podiatric Medicine
707,General Nursing (Galway and Portiuncula)
708,Mental Health Nursing
709,Midwifery
710,Accounting and Finance
711,Business Studies
712,"Art and Design (Common Entry, portfolio)"
713,Fashion and Textiles for Product and Costume (portfolio)
714,Art and Design Teacher Education (portfolio)
715,Digital Marketing
716,Accounting and Finance
717,Marketing and Management
718,Law and Taxation
719,Accounting and Finance
720,Marketing and Management
721,Enterprise and Innovation
722,Sports Development and Coaching
723,Business with Computing
724,Software Development
725,Interactive Digital Media
726,Internet Systems Development
727,Internet Systems Development
728,Computer Networks and Systems Management
729,Construction Management
730,Property Valuation and Management
731,Quantity Surveying
732,Built Environment (Common Entry)
733,Civil Engineering
734,Civil Engineering Management
735,Interior Design
736,Applied Biology
737,Clinical Technology
738,Forensic and Pharmaceutical Sciences
739,Drug and Medicinal Product Analysis
740,Forensic and Pharmaceutical Sciences
741,Medical Technology
742,Music Technology and Production
743,Electrical Engineering
744,Electrical Engineering
745,Creative Broadcast and Film Production
746,Industrial Automation and Robotic Systems
747,Renewable and Electrical Energy Engineering
748,Electronic Engineering
749,Automobile Technology
750,Precision Engineering
751,"Agricultural Mechanisation at Salesian Agricultural College,Pallaskenry"
752,Mechanical Engineering
753,Road Transport Technology and Management
754,Mechanical Engineering
755,Precision Engineering
756,Community Sport Development
757,Social Care Work
758,Business Studies with Travel and Tourism Management
759,Business Studies with Event Management
760,Business Studies with Sports Management
761,Community Development
762,Business
763,Business with Computing
764,Computing
765,Interior Design
766,Biotechnology and Biopharmaceutical Sciences
767,Creative Broadcast and Film Production
768,Music Technology and Production
769,Renewable and Electrical Energy Engineering
770,Industrial Automation and Robotic Systems
771,Electronic Engineering
772,Automotive Engineering and Transport Management
773,Business Studies in Beauty and Spa Management
774,Early Childhood Education and Care
775,Culinary Arts
776,Hospitality Supervision
777,Early Childhood Education and Care
778,Social Care Work
779,Environmental Science and Climate
780,Data Analytics and Cyber Security
781,Business
782,Business
783,Computing - Games Design and Development
784,Sports Strength and Conditioning
785,Sports Strength and Conditioning
786,Environmental Science
787,Environmental Science and Agriculture
788,Early Childhood Education and Care
789,Environmental Science and Agriculture
790,Game Art and Design (portfolio)
791,Creative Media and Design
792,Creative Media and Design
793,Digital Animation Production (portfolio)
794,Social Care Work
795,Early Childhood Education and Care
796,Business
797,Social Care Work
798,Early Childhood Education and Care
799,Arts
800,Law and Accounting
801,Performing Arts (audition required)
802,Criminal Justice
803,Law Plus
804,Psychology and Sociology
805,Journalism and Digital Communication
806,European Studies
807,Applied Languages
808,Business Studies (options)
809,International Business
810,Financial Mathematics
811,Technology Management
812,Food Science and Health
813,Product Design and Technology (portfolio required)
814,Aeronautical Engineering
815,Construction Management and Engineering
816,Sport and Exercise Sciences
817,Physical Education with concurrent Teacher Education
818,Languages with concurrent Teacher Education
819,Science with Teacher Ed (Biology with Physics/Chemistry/Ag Science)
820,Equine Science
821,Materials and Architectural Technology with concurrent Teacher Education
822,Materials and Engineering Technology with concurrent Teacher Education
823,Science with Teacher Ed (Physical Sciences with Chemistry and Physics)
824,Mathematics and Computer Science with concurrent Teacher Education
825,Architecture (portfolio requirement suspended)
826,Physiotherapy
827,Medicine  - Graduate Entry (GAMSAT required)
828,Psychology
829,Paramedic Studies (B/C1/C1 Provisional Drivers Licence)
830,Chemical and Biochemical Engineering
831,Engineering (Biomedical/Civil/Design and Manufacture/Mechanical)
832,Electronic and Computer Engineering
833,Computer Science (Computer Systems/Games Dev/Mobile Comm Security)
834,Creative Media and Interaction Design (Digital Design/Music Media Tech)
835,Biological & Chemical Sciences (Biosci/Envir Sci/Ind Bio/IndPharma Chem)
836,Mathematics (Math Science/Maths and Physics/Economics and Maths)
837,Physics (Applied Physics or Mathematics & Physics)
838,General Nursing
839,Mental Health Nursing
840,Intellectual Disability Nursing
841,Midwifery
842,Equine Science
843,Business - Common Entry
844,Business - Accounting
845,Business
846,Sports Studies
847,Law with Criminal Justice
848,Law
849,Sports and Exercise - Common Entry
850,Culinary Arts
851,Hospitality And Tourism - Common Entry
852,Design - Common Entry
853,Digital Film and Video
854,Animation
855,Fashion with Promotion
856,Graphic and Digital Design
857,Quantity Surveying
858,Fire Safety Engineering
859,Quantity Surveying
860,Civil Engineering
861,Construction Management
862,Electronic Engineering
863,Mechanical Engineering
864,Mechanical Engineering
865,Electronic Engineering
866,Computer Games Development
867,Applied Computing
868,Computing
869,Computer Security and Digital Forensics
870,Computer Science
871,Pharmacy Technician
872,Dental Nursing
873,Bioscience
874,Science - Common Entry
875,Health Science with Physiotherapy Studies
876,Agriculture - Common Entry
877,Health Science with Occupational Therapy Studies
878,Food Science and Nutrition
879,Health Science with Dietetics Studies
880,Veterinary Nursing
881,Pharmaceutical & Medicinal Science
882,Agriculture
883,"Early Childhood Care, Health and Education"
884,General Nursing
885,Health and Social Care
886,Psychiatric Nursing
887,Intellectual Disability Nursing
888,"Early Childhood Care, Health and Education"
889,Health & Social Care - Common Entry
890,Education - Primary Teaching (Froebel)
891,Education - Primary Teaching - Gaeltacht Applicants (Froebel)
892,Arts
893,Music
894,Psychology - 3 years
895,Social Science
896,Media Studies
897,Community and Youth Work (Full-Time)
898,Science
899,Biotechnology
900,Biological and Geographical Sciences
901,Physics with Astrophysics
902,Theoretical Physics and Mathematics
903,Data Science
904,Biological and Biomedical Sciences
905,Psychology (through Science) - 4 years
906,Pharmaceutical and Biomedical Chemistry
907,Science or Maths & Computer Science or Maths & Applied Maths (with Ed)
908,Engineering (Computer/Electronic/Communications)
909,Product Design
910,Robotics and Intelligent Devices
911,Finance (options)
912,Quantitative Finance
913,Accounting and Finance
914,Business (options)
915,Equine Business
916,Business and Accounting
917,Entrepreneurship
918,LLB Law - four year Single Major Law programme
919,Law (options)
920,Computer Science through Arts (options)
921,Computer Science through Science (options)
922,Computational Thinking
923,Early Childhood - Teaching and Learning (part-time)
924,"Community and Youth Work (part-time, in service)"
925,"Local Studies/Community Studies (part-time, evening) - Mature Students"
926,Contemporary & Applied Theatre Studies
927,Arts
928,Education - Primary Teaching - International
929,Education - Primary Teaching
930,Education - Primary Teaching - Gaeltacht Applicants
931,Early Childhood Care and Education
932,Education and Psychology - Primary Teaching
933,"Education, Business Studies and Accounting"
934,"Education, Business Studies and Religious Studies"
935,"Education, Gaeilge and Religious Studies"
936,"Education, Gaeilge and Business Studies"
937,"Education, Mathematics and Gaeilge"
938,"Education, Mathematics and Business Studies"
939,Theology and Arts
940,Theology
941,Computing (Degree Award options)
942,Human Resource Management
943,Business
944,Psychology
945,Marketing Practice
946,Accounting and Finance
947,Technology Management (with specialisations)
948,Computing
949,Business
950,Business Computing
951,Montessori Education
952,Montessori Education
953,Arts and Humanities
954,Applied Social Studies - Professional Social Care
955,"Social, Political and Community Studies"
956,Arts and Humanities (fulfils Teaching Council requirements)
957,English and History (fulfils Teaching Council requirements)
958,Medicine - Undergraduate Entry (HPAT required)
959,Physiotherapy
960,Pharmacy
961,Medicine - Graduate Entry (GAMSAT required)
962,Business
963,Computing (Level 6 - General Entry)
964,Computing - Games Development
965,Applied Sport with Business
966,Business in Tourism with Event Management
967,Computing - Software Development
968,Computing (Computer Networks and Cloud Infrastructure)
969,Computing (Level 7 - General Entry)
970,Business
971,Business in International Marketing and Languages (French)
972,Business in International Marketing and Languages (Spanish)
973,Accounting
974,Sport with Business
975,Tourism with Event Management
976,Fine Art
977,Creative Design
978,Performing Arts (Theatre Design)
979,Performing Arts (Acting)
980,Performing Arts
981,Early Childhood Care and Education
982,Social Care Practice
983,Fine Art
984,Creative Design
985,Computing
986,English and Psychology
987,Sociology and Politics
988,Writing and Literature
989,Application Design and User Experience
990,Computing (Smart Technologies)
991,Software Development
992,Computer Networks and Cloud Infrastructure
993,Writing and Literature Online
994,Engineering (General Entry)
995,Construction Economics
996,Applied Construction Technology
997,Engineering (General Entry)
998,Interior Architecture and Design
999,Advanced Wood and Sustainable Building Technology
1000,Mechanical Engineering
1001,Mechatronic Engineering
1002,Precision Engineering and Design
1003,Civil Engineering
1004,Quantity Surveying
1005,Civil Engineering
1006,Quantity Surveying
1007,Construction Project Management and Applied Technology
1008,Architecture
1009,Interior Architecture and Design
1010,Science
1011,Environmental Science with Ecology (Level 6)
1012,Health and Exercise Science
1013,Pharmaceutical Science with Drug Development
1014,Occupational Safety and Health
1015,Human Nutrition
1016,Health Science and Physiology
1017,Biomedical Science
1018,Forensic Investigation and Analysis
1019,Environmental Science with Ecology (Level 7)
1020,Occupational Safety and Health
1021,Human Nutrition
1022,Science Undenominated
1023,Pharmaceutical Science with Drug Development
1024,Health Science and Physical Activity
1025,Forensic Investigation and Analysis
1026,Medical Biotechnology
1027,Environmental Science with Ecology (Level 8)
1028,Health and Medical Information Science (Online)
1029,Business Administration
1030,Business
1031,Marketing and Sales
1032,Culinary Arts
1033,Science (Biological and Environmental Studies)
1034,Pharmacy Technician
1035,"Animation, Visual Effects and Motion Design (Level 7)"
1036,"TV, Radio and New Media (Level 7)"
1037,Computing with Software Development
1038,Computing with Games Development
1039,Computing (Degree Award options)
1040,Computer Systems and Networking
1041,Business (Major Specialism in: Acctng or Mktg or Mgmnt)
1042,Agricultural Mechanisation
1043,Agricultural Engineering
1044,Civil and Environmental Engineering
1045,Engineering in Mechanical and Manufacturing Engineering
1046,Agricultural Science
1047,Pharmaceutical Science (Degree Award options)
1048,Animal Bioscience
1049,Health and Leisure (Degree Award Options)
1050,Health and Leisure with Massage
1051,Coaching and Sports Performance
1052,Early Childhood Care and Education
1053,Social Care
1054,"Animation, Visual Effects and Motion Design (Level 8)"
1055,"TV, Radio and New Media (Level 8)"
1056,Computing with Software Development
1057,Computing with Games Development
1058,Computing (Degree Award options)
1059,Event Management (3 year programme)
1060,Business Studies (Major Specialism in: Acctng or Mktg or Mgmnt)
1061,Agricultural Engineering
1062,Civil Engineering
1063,Manufacturing Engineering
1064,Agricultural Science
1065,Wildlife Biology (Degree Award options)
1066,Pharmaceutical Science (Degree Award options)
1067,Veterinary Bioscience
1068,Health and Leisure (Degree Award options)
1069,Health and Leisure with Massage
1070,Coaching and Sports Performance
1071,Early Childhood Care and Education
1072,Social Care
1073,Counselling with Addiction - Mature applicants only
1074,General Nursing and Mature Applicants
1075,Mental Health Nursing and Mature Applicants
1076,Music
1077,History
1078,Law
1079,Philosophy
1080,Psychology
1081,Clinical Speech and Language Studies
1082,Music Education
1083,History and Political Science
1084,"Philosophy, Political Science, Economics and Sociology"
1085,Deaf Studies
1086,Law and Business
1087,Law and French
1088,Law and German
1089,Law and Political Science
1090,"Classics, Ancient History and Archaeology"
1091,Early and Modern Irish
1092,English Studies
1093,European Studies
1094,Drama and Theatre Studies
1095,Ancient and Medieval History and Culture
1096,Political Science and Geography
1097,Mathematics
1098,Engineering
1099,Computer Science
1100,Management Science and Information Systems Studies
1101,Theoretical Physics
1102,Engineering with Management
1103,Computer Science and Language
1104,Middle Eastern and European Languages and Cultures
1105,Religion
1106,Film
1107,History of Art and Architecture
1108,Medicine (HPAT required)
1109,Dental Science
1110,Physiotherapy
1111,Occupational Therapy
1112,Radiation Therapy
1113,Human Health and Disease
1114,Biological and Biomedical Sciences
1115,Chemical Sciences
1116,Geography and Geoscience
1117,Physical Sciences
1118,Pharmacy
1119,Global Business
1120,"Business, Economic and Social Studies (BESS)"
1121,Computer Science and Business
1122,Sociology and Social Policy
1123,Social Studies (Social Work)
1124,Business Studies and French
1125,Business Studies and German
1126,Business Studies and Russian
1127,Business Studies and Polish
1128,Business Studies and Spanish
1129,General Nursing (Meath and St James`s)
1130,General Nursing (Adelaide School of Nursing)
1131,Mental Health Nursing
1132,Intellectual Disability Nursing
1133,Ancient History and Archaeology/Geography
1134,Ancient History and Archaeology/History
1135,Ancient History and Archaeology/History of Art and Architecture
1136,Ancient History and Archaeology/Modern Language
1137,Ancient History and Archaeology/Religion
1138,Classical Civilisation/English Literature
1139,Classical Civilisation/History of Art and Architecture
1140,Classical Civilisation/Modern Language
1141,Classical Civilisation/Philosophy
1142,Economics/Geography
1143,Economics/History
1144,Economics/Mathematics
1145,Economics/Modern Language
1146,Economics/Philosophy
1147,Economics/Sociology
1148,Classical Languages/English Literature
1149,Classical Languages/History of Art and Architecture
1150,"Classical Languages/Middle Eastern,Jewish and Islamic Civilisations"
1151,Classical Languages/Modern Language
1152,English Literature/History
1153,English Literature/History of Art and Architecture
1154,English Literature/Philosophy
1155,English Literature/Sociology
1156,English Literature/Drama Studies
1157,English Literature/Modern Language
1158,Film/Drama Studies
1159,Film/English Literature
1160,Film/Music
1161,Geography/History
1162,Drama Studies/Modern Language
1163,Film/Modern Language
1164,Film/History
1165,Geography/Modern Language
1166,Geography/Sociology
1167,History/History of Art and Architecture
1168,History/Modern Language
1169,History/Philosophy
1170,History/Sociology
1171,History/Religion
1172,History of Art and Architecture/Modern Language
1173,History of Art and Architecture/Philosophy
1174,"Middle Eastern,Jewish and Islamic Civ./Ancient History and Archaeology"
1175,"Middle Eastern,Jewish and Islamic Civilisations/Classical Civilisation"
1176,"Middle Eastern,Jewish and Islamic Civilisations/History"
1177,"Middle Eastern,Jewish and Islamic Civilisations/Modern Language"
1178,"Middle Eastern,Jewish and Islamic Civilisations/Music"
1179,"Middle Eastern,Jewish and Islamic Civilisations/Religion"
1180,Mathematics/Modern Language
1181,Mathematics/Music
1182,Mathematics/Philosophy
1183,Music/Philosophy
1184,Music/Drama Studies
1185,Music/Modern Language
1186,Music/Religion
1187,Philosophy/Modern Language
1188,Philosophy/Sociology
1189,Religion/Classical Civilisation
1190,Religion/English Literature
1191,Religion/History of Art and Architecture
1192,Religion/Modern Language
1193,French/Modern Language
1194,German/Modern Language
1195,Irish/Modern Language
1196,Italian/Modern Language
1197,Russian/Modern Language
1198,Spanish/Modern Language
1199,Sociology/Drama Studies
1200,Sociology/Modern Language
1201,Dental Nursing
1202,Dental Hygiene
1203,Dental Technology
1204,Children`s and General Nursing (Integrated)
1205,Midwifery
1206,Electronic Engineering
1207,Computer Engineering
1208,Mechanical Engineering
1209,Bar and Restaurant Management
1210,Culinary Arts
1211,Culinary Arts (Professional Cookery Practice)
1212,Food Management and Entrepreneurship
1213,Food Science and Management
1214,Applied Biology
1215,Computing
1216,Computing (Information Technology)
1217,Pharmacy Technician Studies
1218,Computing (Networking Technologies) Learn and Work
1219,Business
1220,Business (Common entry)
1221,Business Management
1222,Business Studies
1223,Marketing
1224,Retail Management and Marketing
1225,Automation Engineering
1226,Biomedical Design
1227,Building Engineering
1228,Civil Engineering
1229,Electrical and Control Engineering
1230,Electrical Services Engineering
1231,Electronic Engineering
1232,Engineering (Common Entry with Award options)
1233,Engineering (General Entry)
1234,Engineering Reliability Management
1235,Mechatronic Engineering
1236,Sustainable Energy and Environmental Engineering
1237,Computer Engineering
1238,Electronics and Communications Engineering
1239,Engineering Software
1240,Networking Technology
1241,Mechanical Engineering
1242,Mechanical Engineering
1243,"Design,Technology and Innovation"
1244,Automotive Management and Technology
1245,Aviation Technology
1246,Process Instrumentation and Automation Learn and Work
1247,"Auctioneering, Valuation and Estate Agency"
1248,Timber Product Technology
1249,Sports Management and Coaching
1250,Sports Science and Health
1251,Baking and Pastry Arts Management
1252,Culinary Arts
1253,Hospitality Management
1254,International Hospitality and Tourism Management
1255,Tourism Management
1256,Biosciences
1257,DNA and Forensic Analysis
1258,Industrial and Environmental Physics
1259,Science (General Entry)
1260,Computing
1261,Computing (Information Technology)
1262,Digital Forensics and Cyber Security
1263,Information Technology Management
1264,Bioanalysis
1265,Ophthalmic Dispensing
1266,Medicinal Chemistry and Pharmaceutical Sciences
1267,Pharmaceutical Science
1268,Business
1269,Business (Common Entry with Award options)
1270,Management
1271,Accounting and Finance
1272,Accounting and Finance
1273,Business and Information Technology
1274,International Business
1275,International Business
1276,Advertising and Marketing Communications
1277,Digital Marketing
1278,Digital Marketing
1279,Marketing
1280,Applied Social Studies in Social Care
1281,Community and Youth Development
1282,Early Childhood Care and Education
1283,Early Childhood Care and Education
1284,Visual Merchandising and Display
1285,Creative Digital Media
1286,Biomedical Design
1287,Electrical Services and Energy Management
1288,Electronic Engineering
1289,Engineering (Common Entry with Award options)
1290,Engineering (General Entry)
1291,Sustainable Energy Engineering
1292,Computer Engineering in Mobile Systems
1293,Engineering Software
1294,Mechanical Engineering
1295,Mechatronic Engineering
1296,Product Design
1297,"Design,Technology and Innovation"
1298,Automation Engineering
1299,Transport Operations and Technology
1300,Architectural Technology
1301,Architecture (Suitability Test and Interview)
1302,Construction Management
1303,Geographic Science
1304,Planning and Environmental Management
1305,Property Economics (Valuation Surveying)
1306,Quantity Surveying and Construction Economics
1307,Analytical Chemistry (Environmental Forensic and Pharmaceutical)
1308,Chemical Sciences with Medicinal Chemistry
1309,Science (General Entry)
1310,Science with Nanotechnology
1311,Computer Science
1312,Computer Science (Infrastructure)
1313,Computer Science (International)
1314,Computing
1315,Computing (Information Technology)
1316,Computing with Language (French/German/Spanish)
1317,Computing with Data Analytics
1318,Digital Forensics and Cyber Security
1319,DNA and Forensic Analysis
1320,Computing with IT Management
1321,Biomedical and Molecular Diagnostics
1322,Biomedical Science
1323,Clinical Measurement Science
1324,Environmental Health
1325,Human Nutrition and Dietetics
1326,Optometry
1327,Public Health Nutrition
1328,Industrial Mathematics
1329,Mathematical Sciences
1330,Pharmaceutical Healthcare
1331,Pharmaceutical Science
1332,Physics Technology
1333,Physics with Energy and Environment
1334,Physics with Medical Physics and Bioengineering
1335,Physics with Data Science
1336,Food Innovation
1337,Nutraceuticals in Health and Nutrition
1338,Business
1339,Business (Common Entry with Award options)
1340,Business and Management
1341,Business and Law
1342,Economics and Finance
1343,Human Resource Management
1344,Logistics and Supply Chain Management
1345,Management
1346,Accounting and Finance
1347,Accounting and Finance
1348,Accounting and Finance
1349,Business Analytics
1350,Business and Information Technology
1351,Business Computing
1352,International Business
1353,International Business
1354,Law (LLB ) with a Language
1355,Law (LLB)
1356,Advertising and Marketing Communications
1357,Digital Marketing
1358,Digital Marketing Technologies
1359,Marketing
1360,Marketing Management
1361,E-Commerce in Retailing
1362,Retail and Services Management
1363,Sports Management and Coaching
1364,Sports Science and Health
1365,Botanical Cuisine
1366,Culinary Arts
1367,Culinary Entrepreneurship
1368,Culinary Science
1369,International Hospitality and Tourism Management
1370,International Hospitality Management
1371,Tourism and Digital Marketing
1372,Event Management
1373,Sports & Leisure Management
1374,Commercial Modern Music
1375,Drama (Performance)
1376,Music
1377,International Business and Languages
1378,Languages and English Studies
1379,Languages and International Tourism
1380,Contemporary Visual Culture
1381,Creative and Cultural Industries
1382,Design - Visual Communication
1383,Fine Art
1384,Interior Design
1385,Photography
1386,Creative Digital Media
1387,Creative Digital Media
1388,Film and Broadcasting
1389,Game Design
1390,Journalism
1391,Print Media Technology and Management
1392,Applied Social Studies in Social Care
1393,Community and Youth Development
1394,Early Childhood Care and Education
1395,Early Childhood Care and Education
1396,Early Childhood Education
1397,Social Care
1398,Applied Social Care
1399,Applied Computing (options)
1400,Science (options)
1401,Business
1402,Health Sciences (options)
1403,Exercise Sciences (options)
1404,Engineering (options)
1405,Electronic Engineering
1406,Mechanical Engineering
1407,Legal Studies
1408,Applied Social Care
1409,Recreation and Sport Management
1410,Construction Management and Engineering
1411,Music
1412,Business (options)
1413,Forestry
1414,Accounting
1415,Hospitality Management
1416,Architectural Technology
1417,Horticulture (Waterford - Kildalton)
1418,Horticulture (Dublin - National Botanic Gardens)
1419,General Nursing
1420,Psychiatric Nursing
1421,Intellectual Disability Nursing
1422,Agriculture
1423,International Business
1424,Design (Visual Communications)
1425,Civil Engineering
1426,Laws
1427,Architecture
1428,Pharmaceutical Science
1429,Early Childhood Studies
1430,Criminal Justice Studies
1431,Software Systems Development
1432,Visual Art
1433,Multimedia Applications Development
1434,Information Technology
1435,Business
1436,Computer Forensics and Security
1437,Quantity Surveying
1438,Psychology
1439,Food Science with Business
1440,Culinary Arts
1441,Hospitality Studies
1442,Tourism
1443,Pharmaceutical Science
1444,"Science (Mol. Biology with Biopharm.,Food Science with Business,Pharm.)"
1445,Electrical Engineering
1446,Retail Management
1447,Sports Coaching and Performance
1448,Social Science
1449,Applied Health Care
1450,Agricultural Science
1451,Social Care Practice
1452,Marketing and Digital Media
1453,Culinary Arts
1454,Architectural and Building Information Modelling Technology
1455,Arts (options)
1456,Molecular Biology with Biopharmaceutical Science
1457,Electronic Engineering
1458,Mechanical Engineering
1459,Manufacturing Engineering
1460,Software Systems Development
1461,Creative Computing
1462,Recreation and Sport Management
1463,Mechanical and Manufacturing Engineering
